protocol_version,schema_version,generator_version,pilot_version,instance_id,relative_path,digest,seed,size_class,num_new_ships,num_old_ships,num_blocks,num_bays,num_periods,num_groups,total_arrivals,arrival_20ft,arrival_40ft,initial_utilization,arrival_overlap_ratio,pressure_min,pressure_max,pressure_mean,capacity_tightness_max,capacity_tightness_by_size,concentration_available,creation_status,audit_status
paper-exp-v1,yard-bay-instance-v1,synthetic-yard-v1,paper-exp-v1-pilot1,S01,small/S01.json,14833f7eff9fa1b1eebf0ae1cfcb008d188e9a5846e80369eaca6b6b80e00283,1101,small,2,3,3,12,4,4,108.63251615377885,51.16278777649938,57.46972837727947,0.28938098629804804,1.0,1.7308411020564356,3.242242801368867,2.449440149251372,0.2839533147051137,"[0.26952502894859043,0.2839533147051137]",True,already_exists,PASS
paper-exp-v1,yard-bay-instance-v1,synthetic-yard-v1,paper-exp-v1-pilot1,S02,small/S02.json,62bd0f07ca72ba23604f040501292297f673f50e36382fbeadd1e556f08d3b4b,1102,small,2,3,3,12,4,4,98.98720780314292,55.06851243193348,43.91869537120945,0.26204209911083143,1.0,1.2380633827364278,2.989656324694456,1.979047025778225,0.2828396648874227,"[0.2828396648874227,0.2155942835444218]",True,already_exists,PASS
paper-exp-v1,yard-bay-instance-v1,synthetic-yard-v1,paper-exp-v1-pilot1,S03,small/S03.json,d0506006662275c1ab0cf763a9256b176759c30beb2712d9e71acd350c365b50,1103,small,2,3,3,12,4,4,97.29341816722885,49.78404239513888,47.509375772089975,0.28761823055037894,1.0,1.3847850127072237,4.334772757898803,2.5623915658317684,0.2559354317650276,"[0.2559354317650276,0.23947162435111016]",True,already_exists,PASS
paper-exp-v1,yard-bay-instance-v1,synthetic-yard-v1,paper-exp-v1-pilot1,M01,medium/M01.json,6db7eff293a1e90ad26f0bd8819a9c4bec81a4d545a15650052c78ed06d3d873,2101,medium,3,4,6,36,8,6,340.58412167690045,174.04767838593796,166.5364432909625,0.44210387443694094,1.0,1.7256127434377824,3.503864846855629,2.7801506628663173,0.37966170715118025,"[0.37966170715118025,0.3214802586729309]",True,already_exists,PASS
paper-exp-v1,yard-bay-instance-v1,synthetic-yard-v1,paper-exp-v1-pilot1,M02,medium/M02.json,8402c84284cfe8cf09f4e1c35145f1e9ef2bd3e0c50e7bd7fd1b89367383fab8,2102,medium,3,4,6,36,8,6,376.5048769389652,195.77395220595585,180.73092473300932,0.4123620553816443,1.0,1.7588999476869815,3.409951589932061,2.483109806948973,0.3846429715837006,"[0.3846429715837006,0.36081760770526733]",True,already_exists,PASS
paper-exp-v1,yard-bay-instance-v1,synthetic-yard-v1,paper-exp-v1-pilot1,M03,medium/M03.json,23f298a280ba8d4b34e5da2e2eada3635dee6c9c7942c9fe8826b6d56b10c5f3,2103,medium,3,4,6,36,8,6,379.3157850229088,198.29876894214982,181.017016080759,0.4148209597576642,1.0,1.6575159782056605,3.3183753277931824,2.4290806312627424,0.41354776742856436,"[0.41354776742856436,0.3405590969382865]",True,already_exists,PASS
paper-exp-v1,yard-bay-instance-v1,synthetic-yard-v1,paper-exp-v1-pilot1,L01,large/L01.json,ea4cc8713de44f2815ccacc615a0009822af9e7b42b9a5ac63daa5ed08440a36,3101,large,5,7,10,80,12,6,1214.899625933391,621.5693543900659,593.330271543325,0.5298820924829012,1.0,1.8965296768609028,3.7703317008566986,3.0473170598268946,0.6431833189835064,"[0.6431833189835064,0.6093888772359852]",True,already_exists,PASS
paper-exp-v1,yard-bay-instance-v1,synthetic-yard-v1,paper-exp-v1-pilot1,L02,large/L02.json,e6e74fcf0e6f31bfad53b8c34e4ee1991fad97d8032bf71c0c3f298394da0e0e,3102,large,5,7,10,80,12,6,1218.2827710398335,586.3013426292864,631.981428410547,0.5241031952095918,1.0,2.004652371527392,3.559368160336688,2.875864804592666,0.6586221401591076,"[0.5968948616397127,0.6586221401591076]",True,already_exists,PASS
paper-exp-v1,yard-bay-instance-v1,synthetic-yard-v1,paper-exp-v1-pilot1,L03,large/L03.json,599e3529e6a6d9a4a66189565f3e8a49dddcedcec25521ceab4396e446aad46c,3103,large,5,7,10,80,12,6,1223.326478471232,633.2547512372222,590.0717272340097,0.526245909809286,1.0,1.8683038809774044,3.5383758707711146,2.6150457301676435,0.6829037473325331,"[0.6829037473325331,0.6046090444040364]",True,already_exists,PASS
