protocol_version,schema_version,generator_version,pilot_version,instance_id,relative_path,digest,seed,size_class,num_new_ships,num_old_ships,num_blocks,num_bays,num_periods,num_groups,total_arrivals,initial_utilization,concentration_available,creation_status,audit_status,num_global_groups,positive_groups_mean_per_ship,positive_groups_min_per_ship,positive_groups_max_per_ship,pod_count_mean_per_ship,single_combination_pod_ratio,height_coverage_rate,weight_coverage_rate,size_coverage_rate,arrival_overlap_ratio,pairwise_window_overlap_mean,pairwise_window_overlap_max,peak_simultaneous_active_ships,active_period_count,zero_pressure_block_period_ratio,positive_pressure_block_period_ratio,pressure_cv,pressure_p95,high_pressure_block_period_ratio,peak_pressure_period
paper-exp-v1,yard-bay-instance-v1,synthetic-yard-v2,paper-exp-v1-pilot2,S01,small/S01.json,ae9602c0639dc9eff46ea13148f0b682f3a0be8f79864cd61c70f7aa6739c5a9,1101,small,2,3,3,12,12,21,127.0,0.28938098629804804,True,overwritten,PASS,21,12.0,12,12,5.0,0.8,1.0,1.0,1.0,0.25,0.25,0.25,2,8,0.6666666666666666,0.3333333333333333,1.9429419069650633,3.08852329844555,0.05555555555555555,5
paper-exp-v1,yard-bay-instance-v1,synthetic-yard-v2,paper-exp-v1-pilot2,S02,small/S02.json,8e927ded3dbd78f8e99777952255f912e68d70778029f49beb41cca80e21a6c9,1102,small,2,3,3,12,12,20,137.0,0.26204209911083143,True,overwritten,PASS,20,11.0,8,14,5.0,0.9,1.0,1.0,1.0,0.25,0.25,0.25,2,8,0.6666666666666666,0.3333333333333333,1.912363330222556,2.45813836547867,0.05555555555555555,2
paper-exp-v1,yard-bay-instance-v1,synthetic-yard-v2,paper-exp-v1-pilot2,S03,small/S03.json,9b757ddb19c924a89eddeec4edeedada514febd3b8ac991c2ed0ace1377f1420,1103,small,2,3,3,12,12,22,118.0,0.28761823055037894,True,overwritten,PASS,22,12.0,11,13,5.0,0.7,1.0,1.0,1.0,0.25,0.25,0.25,2,8,0.6666666666666666,0.3333333333333333,1.934067854978832,2.547688051446695,0.05555555555555555,8
paper-exp-v1,yard-bay-instance-v1,synthetic-yard-v2,paper-exp-v1-pilot2,M01,medium/M01.json,6421a8ef7abc5f9489cc9932f6798e953422d2dc543dad5e519b5d435a0ffaf2,2101,medium,3,4,6,36,12,41,357.0,0.44210387443694094,True,overwritten,PASS,41,18.333333333333332,15,21,6.333333333333333,0.631578947368421,1.0,1.0,1.0,0.6363636363636364,0.4612794612794613,0.5555555555555556,3,11,0.4444444444444444,0.5555555555555556,1.5479873239102893,1.6942089582277395,0.05555555555555555,4
paper-exp-v1,yard-bay-instance-v1,synthetic-yard-v2,paper-exp-v1-pilot2,M02,medium/M02.json,41e9c023939d432dba8116e2c681432071288ed49e09f81a4d5d1e833a61ea67,2102,medium,3,4,6,36,12,37,378.0,0.4123620553816443,True,overwritten,PASS,37,15.333333333333334,14,17,6.666666666666667,0.9,1.0,1.0,1.0,0.6363636363636364,0.4612794612794613,0.5555555555555556,3,11,0.4444444444444444,0.5555555555555556,1.3924590752404071,1.6960926605874198,0.05555555555555555,4
paper-exp-v1,yard-bay-instance-v1,synthetic-yard-v2,paper-exp-v1-pilot2,M03,medium/M03.json,767b23728b9d9fc832611852a427c4db4f357cc52095fcd1624c9cae44ba513b,2103,medium,3,4,6,36,12,43,397.0,0.4148209597576642,True,overwritten,PASS,43,19.0,17,22,6.333333333333333,0.7894736842105263,1.0,1.0,1.0,0.6363636363636364,0.4612794612794613,0.5555555555555556,3,11,0.4444444444444444,0.5555555555555556,1.6075823066136614,0.9586922583993307,0.05555555555555555,4
paper-exp-v1,yard-bay-instance-v1,synthetic-yard-v2,paper-exp-v1-pilot2,L01,large/L01.json,a8b088ca516a3487c39930500f974478dca46ca30bbce90a6c7bc6b1de85b859,3101,large,5,7,10,80,12,61,1350.0,0.5298820924829012,True,overwritten,PASS,61,30.6,24,35,8.0,0.55,1.0,1.0,1.0,1.0,0.8272727272727274,0.9090909090909091,5,12,0.325,0.675,1.1516049982275947,3.114535611299967,0.058333333333333334,5
paper-exp-v1,yard-bay-instance-v1,synthetic-yard-v2,paper-exp-v1-pilot2,L02,large/L02.json,0c74c329abc6e38c6d0182f12780fc5409334d4f58d235a851aede864cfbea5a,3102,large,5,7,10,80,12,62,1297.0,0.5241031952095918,True,overwritten,PASS,62,29.8,24,36,8.0,0.575,1.0,1.0,1.0,1.0,0.8272727272727274,0.9090909090909091,5,12,0.325,0.675,1.1604149381118976,2.849028841713633,0.058333333333333334,7
paper-exp-v1,yard-bay-instance-v1,synthetic-yard-v2,paper-exp-v1-pilot2,L03,large/L03.json,4fa2cc2cd97ab0cedad4b1148a5184de2c5ec34b3258cf1145e2549fe5f01d6d,3103,large,5,7,10,80,12,61,1251.0,0.526245909809286,True,overwritten,PASS,61,28.8,24,33,8.0,0.575,1.0,1.0,1.0,1.0,0.8272727272727274,0.9090909090909091,5,12,0.325,0.675,1.17425555038594,2.0670671498199535,0.058333333333333334,6
